Animals,Global Places,Canadian Places,Movies,Firefighting Tools,Aircraft,Forest Areas
Lion,Paris,Toronto,Inception,Floto Pump,Electra,Lac La Biche
Tiger,London,Montreal,Titanic,MK3 Pump,Ducks,Fort McMurray
Bear,Tokyo,Vancouver,Avatar,Watson Pump,212,Slave Lake
Elephant,New York,Calgary,Star Wars,Pulaski,412,Peace River
Giraffe,Rome,Edmonton,Jaws,Part 1 Hose,K Master,High Level
Zebra,Cairo,Ottawa,The Matrix,Part 2 Hose,Astar,Grande Prairie
Cheetah,Sydney,Winnipeg,Gladiator,Hoe,DC3,Whitecourt
Leopard,Beijing,Quebec City,Interstellar,Drip Torch,Bird Dog,Edson
Jaguar,Moscow,Hamilton,The Godfather,Rake,Caravan,Rocky Mountain House
Hippopotamus,Rio de Janeiro,Kitchener,The Dark Knight,Wajax  ,Dash-8,Calgary
Rhinoceros,Cape Town,London ON,Pulp Fiction,Strangler,,
Gorilla,Mumbai,Victoria,Schindler's List,Combi,,
Chimpanzee,Dubai,Halifax,Forrest Gump,Fallers,,
Orangutan,Bangkok,Oshawa,Fight Club,Shovel,,
Baboon,Istanbul,Windsor,Goodfellas,Chainsaw,,
Monkey,Amsterdam,Saskatoon,The Silence of the Lambs,,,
Lemur,Berlin,Regina,Saving Private Ryan,,,
Panda,Madrid,St. John's,The Green Mile,,,
Koala,Barcelona,Kelowna,Life Is Beautiful,,,
Kangaroo,Vienna,Barrie,The Lion King,,,
Wallaby,Prague,Sherbrooke,Back to the Future,,,
Wombat,Budapest,Guelph,The Pianist,,,
Platypus,Athens,Kingston ON,Terminator 2,,,
Echidna,Venice,Moncton,Whiplash,,,
Tasmanian Devil,Florence,Sudbury,The Prestige,,,
Sloth,Milan,Thunder Bay,The Departed,,,
Armadillo,Naples,Kanata,Alien,,,
Anteater,Lisbon,Saint John,The Great Dictator,,,
Aardvark,Porto,Brantford,Sunset Boulevard,,,
Meerkat,Dublin,Nanaimo,Spider-Man,,,
Mongoose,Edinburgh,Whistler,Jurassic Park,,,
Otter,Stockholm,Banff,The Shining,,,
Badger,Oslo,Jasper,Casablanca,,,
Wolverine,Copenhagen,Yellowknife,Psycho,,,
Weasel,Helsinki,Whitehorse,Rear Window,,,
Ferret,Reykjavik,Iqaluit,Citizen Kane,,,
Mink,Zurich,Canmore,Vertigo,,,
Stoat,Geneva,Tofino,Amadeus,,,
Sable,Brussels,Niagara Falls,Braveheart,,,
Beaver,Luxembourg,Charlottetown,Good Will Hunting,,,
Muskrat,Warsaw,Fredericton,Toy Story,,,
Capybara,Krakow,Kamloops,Monsters Inc,,,
Porcupine,Bratislava,Prince George,Finding Nemo,,,
Squirrel,Bucharest,Red Deer,The Avengers,,,
Chipmunk,Sofia,Lethbridge,Iron Man,,,
Marmot,Belgrade,Medicine Hat,Die Hard,,,
Gopher,Zagreb,Fort McMurray,Mad Max,,,
Prairie Dog,Split,Grande Prairie,Dune,,,
Rat,Dubrovnik,Brandon,Spirited Away,,,
Mouse,Ljubljana,Moose Jaw,The Truman Show,,,
Hamster,Sarajevo,,,,,
Gerbil,Skopje,,,,,
Guinea Pig,Tirana,,,,,
Chinchilla,Valletta,,,,,
Rabbit,Nicosia,,,,,
Hare,Amazon Rainforest,,,,,
Pika,Sahara Desert,,,,,
Deer,Amman,,,,,
Elk,Beirut,,,,,
Moose,Damascus,,,,,
Caribou,Baghdad,,,,,
Antelope,Tehran,,,,,
Gazelle,Riyadh,,,,,
Impala,Jeddah,,,,,
Wildebeest,Mecca,,,,,
Buffalo,Medina,,,,,
Bison,Sanaa,,,,,
Yak,Muscat,,,,,
Camel,Abu Dhabi,,,,,
Llama,Doha,,,,,
Alpaca,Manama,,,,,
Guanaco,Kuwait City,,,,,
Vicuna,Karachi,,,,,
Okapi,Lahore,,,,,
Wild Boar,Islamabad,,,,,
Warthog,Delhi,,,,,
Peccary,Kolkata,,,,,
Horse,Bangalore,,,,,
Donkey,Chennai,,,,,
Tapir,Dhaka,,,,,
Wolf,Kathmandu,,,,,
Coyote,Colombo,,,,,
Jackal,Male,,,,,
Fox,Thimphu,,,,,
Dingo,Yangon,,,,,
Hyena,Mandalay,,,,,
Cougar,Hanoi,,,,,
Lynx,Ho Chi Minh City,,,,,
Bobcat,Phnom Penh,,,,,
Ocelot,Vientiane,,,,,
Serval,Kuala Lumpur,,,,,
Caracal,Singapore,,,,,
Jaguarundi,Jakarta,,,,,
Sea Otter,Bali,,,,,
Polar Bear,Surabaya,,,,,
Grizzly Bear,Manila,,,,,
Black Bear,Cebu,,,,,
Brown Bear,Seoul,,,,,
Spectacled Bear,Busan,,,,,
Sun Bear,Incheon,,,,,
Sloth Bear,Kyoto,,,,,
Walrus,Osaka,,,,,
Seal,Nagoya,,,,,
Sea Lion,Sapporo,,,,,
Manatee,Fukuoka,,,,,
Dugong,Hiroshima,,,,,
Whale,Shanghai,,,,,
Dolphin,Guangzhou,,,,,
Porpoise,Shenzhen,,,,,
Orca,Hong Kong,,,,,
Narwhal,Macau,,,,,
Beluga,Taipei,,,,,
Sperm Whale,Ulaanbaatar,,,,,
Humpback Whale,Astana,,,,,
Blue Whale,Almaty,,,,,
Eagle,Tashkent,,,,,
Hawk,Bishkek,,,,,
Falcon,Dushanbe,,,,,
Owl,Ashgabat,,,,,
Vulture,Baku,,,,,
Ostrich,Yerevan,,,,,
Emu,Tbilisi,,,,,
Rhea,Casablanca,,,,,
Cassowary,Marrakesh,,,,,
Kiwi,Fez,,,,,
Penguin,Tunis,,,,,
Pelican,Algiers,,,,,
Albatross,Tripoli,,,,,
Gull,Alexandria,,,,,
Tern,Luxor,,,,,
Heron,Aswan,,,,,
Egret,Khartoum,,,,,
Stork,Addis Ababa,,,,,
Flamingo,Nairobi,,,,,
Swan,Mombasa,,,,,
Goose,Dar es Salaam,,,,,
Duck,Zanzibar,,,,,
Turkey,Kampala,,,,,
Pheasant,Kigali,,,,,
Quail,Antananarivo,,,,,
Chicken,Johannesburg,,,,,
Peafowl,Durban,,,,,
Pigeon,Lagos,,,,,
Dove,Abuja,,,,,
Parrot,Accra,,,,,
Macaw,Dakar,,,,,
Cockatoo,Luanda,,,,,
Cockatiel,Maputo,,,,,
Budgerigar,Windhoek,,,,,
Lovebird,Gaborone,,,,,
Toucan,Harare,,,,,
Hornbill,Lusaka,,,,,
Cuckoo,Antwerp,,,,,
Roadrunner,Rotterdam,,,,,
Hummingbird,Hamburg,,,,,
Kingfisher,Munich,,,,,
Woodpecker,Frankfurt,,,,,
Crow,Cologne,,,,,
Raven,Stuttgart,,,,,
Jay,Lyon,,,,,
Magpie,Marseille,,,,,
Swallow,Nice,,,,,
Robin,Toulouse,,,,,
Bluebird,Bordeaux,,,,,
Nightingale,Seville,,,,,
Sparrow,Valencia,,,,,
Finch,Malaga,,,,,
Canary,Granada,,,,,
Starling,Zaragoza,,,,,
Myna,Los Angeles,,,,,
Cardinal,Chicago,,,,,
Goldfinch,Miami,,,,,
Mockingbird,San Francisco,,,,,
Alligator,Las Vegas,,,,,
Crocodile,Washington DC,,,,,
Caiman,Boston,,,,,
Gharial,Seattle,,,,,
Turtle,Austin,,,,,
Tortoise,New Orleans,,,,,
Terrapin,Mexico City,,,,,
Lizard,Cancun,,,,,
Iguana,Havana,,,,,
Chameleon,Kingston,,,,,
Gecko,San Jose,,,,,
Komodo Dragon,Panama City,,,,,
Gila Monster,Bogota,,,,,
Python,Medellin,,,,,
Boa Constrictor,Lima,,,,,
Viper,Cusco,,,,,
Cobra,Santiago,,,,,
Mamba,Buenos Aires,,,,,
Anaconda,Sao Paulo,,,,,
Rattlesnake,Brasilia,,,,,
Sea Snake,Montevideo,,,,,
Frog,Asuncion,,,,,
Toad,La Paz,,,,,
Salamander,Quito,,,,,
Newt,Guayaquil,,,,,
Axolotl,Caracas,,,,,
Caecilian,Cartagena,,,,,